Субъект;Пункт ФПСР;Наименование статистического показателя;Значение статистического показателя
Subject;Point FPSR;Name of the statistical factor;Importance of the statistical factor
Центральный фед.округ;3_6;Количество предварительно расследованных преступлений в отчетном периоде (из числа находившихся в производстве или зарегистрированных в отчетном периоде), совершенных группой лиц;1500
Центральный фед.округ;3_6;Количество предварительно расследованных преступлений в отчетном периоде (из числа находившихся в производстве или зарегистрированных в отчетном периоде), совершенных группой лиц по предварительному сговору;10875
Центральный фед.округ;3_6;Количество предварительно расследованных преступлений в отчетном периоде (из числа находившихся в производстве или зарегистрированных в отчетном периоде), совершенных организованной группой;3371
Центральный фед.округ;3_6;Количество предварительно расследованных преступлений в отчетном периоде (из числа находившихся в производстве или зарегистрированных в отчетном периоде), совершенных преступным сообществом (преступной организацией);619
Белгородская область;3_6;Количество предварительно расследованных преступлений в отчетном периоде (из числа находившихся в производстве или зарегистрированных в отчетном периоде), совершенных группой лиц;43
Белгородская область;3_6;Количество предварительно расследованных преступлений в отчетном периоде (из числа находившихся в производстве или зарегистрированных в отчетном периоде), совершенных группой лиц по предварительному сговору;361
Белгородская область;3_6;Количество предварительно расследованных преступлений в отчетном периоде (из числа находившихся в производстве или зарегистрированных в отчетном периоде), совершенных организованной группой;207
Белгородская область;3_6;Количество предварительно расследованных преступлений в отчетном периоде (из числа находившихся в производстве или зарегистрированных в отчетном периоде), совершенных преступным сообществом (преступной организацией);0
Брянская область;3_6;Количество предварительно расследованных преступлений в отчетном периоде (из числа находившихся в производстве или зарегистрированных в отчетном периоде), совершенных группой лиц;19
Брянская область;3_6;Количество предварительно расследованных преступлений в отчетном периоде (из числа находившихся в производстве или зарегистрированных в отчетном периоде), совершенных группой лиц по предварительному сговору;477
Брянская область;3_6;Количество предварительно расследованных преступлений в отчетном периоде (из числа находившихся в производстве или зарегистрированных в отчетном периоде), совершенных организованной группой;180
Брянская область;3_6;Количество предварительно расследованных преступлений в отчетном периоде (из числа находившихся в производстве или зарегистрированных в отчетном периоде), совершенных преступным сообществом (преступной организацией);45
Владимирская область;3_6;Количество предварительно расследованных преступлений в отчетном периоде (из числа находившихся в производстве или зарегистрированных в отчетном периоде), совершенных группой лиц;58
Владимирская область;3_6;Количество предварительно расследованных преступлений в отчетном периоде (из числа находившихся в производстве или зарегистрированных в отчетном периоде), совершенных группой лиц по предварительному сговору;719
Владимирская область;3_6;Количество предварительно расследованных преступлений в отчетном периоде (из числа находившихся в производстве или зарегистрированных в отчетном периоде), совершенных организованной группой;165
Владимирская область;3_6;Количество предварительно расследованных преступлений в отчетном периоде (из числа находившихся в производстве или зарегистрированных в отчетном периоде), совершенных преступным сообществом (преступной организацией);1
Воронежская область;3_6;Количество предварительно расследованных преступлений в отчетном периоде (из числа находившихся в производстве или зарегистрированных в отчетном периоде), совершенных группой лиц;35
Воронежская область;3_6;Количество предварительно расследованных преступлений в отчетном периоде (из числа находившихся в производстве или зарегистрированных в отчетном периоде), совершенных группой лиц по предварительному сговору;598
Воронежская область;3_6;Количество предварительно расследованных преступлений в отчетном периоде (из числа находившихся в производстве или зарегистрированных в отчетном периоде), совершенных организованной группой;92
Воронежская область;3_6;Количество предварительно расследованных преступлений в отчетном периоде (из числа находившихся в производстве или зарегистрированных в отчетном периоде), совершенных преступным сообществом (преступной организацией);2
Ивановская область;3_6;Количество предварительно расследованных преступлений в отчетном периоде (из числа находившихся в производстве или зарегистрированных в отчетном периоде), совершенных группой лиц;21
Ивановская область;3_6;Количество предварительно расследованных преступлений в отчетном периоде (из числа находившихся в производстве или зарегистрированных в отчетном периоде), совершенных группой лиц по предварительному сговору;381
Ивановская область;3_6;Количество предварительно расследованных преступлений в отчетном периоде (из числа находившихся в производстве или зарегистрированных в отчетном периоде), совершенных организованной группой;215
Ивановская область;3_6;Количество предварительно расследованных преступлений в отчетном периоде (из числа находившихся в производстве или зарегистрированных в отчетном периоде), совершенных преступным сообществом (преступной организацией);0
Калужская область;3_6;Количество предварительно расследованных преступлений в отчетном периоде (из числа находившихся в производстве или зарегистрированных в отчетном периоде), совершенных группой лиц;40
Калужская область;3_6;Количество предварительно расследованных преступлений в отчетном периоде (из числа находившихся в производстве или зарегистрированных в отчетном периоде), совершенных группой лиц по предварительному сговору;421
Калужская область;3_6;Количество предварительно расследованных преступлений в отчетном периоде (из числа находившихся в производстве или зарегистрированных в отчетном периоде), совершенных организованной группой;56
Калужская область;3_6;Количество предварительно расследованных преступлений в отчетном периоде (из числа находившихся в производстве или зарегистрированных в отчетном периоде), совершенных преступным сообществом (преступной организацией);0
Костромская область;3_6;Количество предварительно расследованных преступлений в отчетном периоде (из числа находившихся в производстве или зарегистрированных в отчетном периоде), совершенных группой лиц;50
Костромская область;3_6;Количество предварительно расследованных преступлений в отчетном периоде (из числа находившихся в производстве или зарегистрированных в отчетном периоде), совершенных группой лиц по предварительному сговору;184
Костромская область;3_6;Количество предварительно расследованных преступлений в отчетном периоде (из числа находившихся в производстве или зарегистрированных в отчетном периоде), совершенных организованной группой;116
Костромская область;3_6;Количество предварительно расследованных преступлений в отчетном периоде (из числа находившихся в производстве или зарегистрированных в отчетном периоде), совершенных преступным сообществом (преступной организацией);1
Курская область;3_6;Количество предварительно расследованных преступлений в отчетном периоде (из числа находившихся в производстве или зарегистрированных в отчетном периоде), совершенных группой лиц;76
Курская область;3_6;Количество предварительно расследованных преступлений в отчетном периоде (из числа находившихся в производстве или зарегистрированных в отчетном периоде), совершенных группой лиц по предварительному сговору;335
Курская область;3_6;Количество предварительно расследованных преступлений в отчетном периоде (из числа находившихся в производстве или зарегистрированных в отчетном периоде), совершенных организованной группой;38
Курская область;3_6;Количество предварительно расследованных преступлений в отчетном периоде (из числа находившихся в производстве или зарегистрированных в отчетном периоде), совершенных преступным сообществом (преступной организацией);0
Липецкая область;3_6;Количество предварительно расследованных преступлений в отчетном периоде (из числа находившихся в производстве или зарегистрированных в отчетном периоде), совершенных группой лиц;23
Липецкая область;3_6;Количество предварительно расследованных преступлений в отчетном периоде (из числа находившихся в производстве или зарегистрированных в отчетном периоде), совершенных группой лиц по предварительному сговору;246
Липецкая область;3_6;Количество предварительно расследованных преступлений в отчетном периоде (из числа находившихся в производстве или зарегистрированных в отчетном периоде), совершенных организованной группой;45
Липецкая область;3_6;Количество предварительно расследованных преступлений в отчетном периоде (из числа находившихся в производстве или зарегистрированных в отчетном периоде), совершенных преступным сообществом (преступной организацией);0
г. Москва;3_6;Количество предварительно расследованных преступлений в отчетном периоде (из числа находившихся в производстве или зарегистрированных в отчетном периоде), совершенных группой лиц;73
г. Москва;3_6;Количество предварительно расследованных преступлений в отчетном периоде (из числа находившихся в производстве или зарегистрированных в отчетном периоде), совершенных группой лиц по предварительному сговору;2440
г. Москва;3_6;Количество предварительно расследованных преступлений в отчетном периоде (из числа находившихся в производстве или зарегистрированных в отчетном периоде), совершенных организованной группой;1503
г. Москва;3_6;Количество предварительно расследованных преступлений в отчетном периоде (из числа находившихся в производстве или зарегистрированных в отчетном периоде), совершенных преступным сообществом (преступной организацией);560
Московская область;3_6;Количество предварительно расследованных преступлений в отчетном периоде (из числа находившихся в производстве или зарегистрированных в отчетном периоде), совершенных группой лиц;367
Московская область;3_6;Количество предварительно расследованных преступлений в отчетном периоде (из числа находившихся в производстве или зарегистрированных в отчетном периоде), совершенных группой лиц по предварительному сговору;2114
Московская область;3_6;Количество предварительно расследованных преступлений в отчетном периоде (из числа находившихся в производстве или зарегистрированных в отчетном периоде), совершенных организованной группой;210
Московская область;3_6;Количество предварительно расследованных преступлений в отчетном периоде (из числа находившихся в производстве или зарегистрированных в отчетном периоде), совершенных преступным сообществом (преступной организацией);1
Орловская область;3_6;Количество предварительно расследованных преступлений в отчетном периоде (из числа находившихся в производстве или зарегистрированных в отчетном периоде), совершенных группой лиц;71
Орловская область;3_6;Количество предварительно расследованных преступлений в отчетном периоде (из числа находившихся в производстве или зарегистрированных в отчетном периоде), совершенных группой лиц по предварительному сговору;211
Орловская область;3_6;Количество предварительно расследованных преступлений в отчетном периоде (из числа находившихся в производстве или зарегистрированных в отчетном периоде), совершенных организованной группой;7
Орловская область;3_6;Количество предварительно расследованных преступлений в отчетном периоде (из числа находившихся в производстве или зарегистрированных в отчетном периоде), совершенных преступным сообществом (преступной организацией);0
Рязанская область;3_6;Количество предварительно расследованных преступлений в отчетном периоде (из числа находившихся в производстве или зарегистрированных в отчетном периоде), совершенных группой лиц;37
Рязанская область;3_6;Количество предварительно расследованных преступлений в отчетном периоде (из числа находившихся в производстве или зарегистрированных в отчетном периоде), совершенных группой лиц по предварительному сговору;236
Рязанская область;3_6;Количество предварительно расследованных преступлений в отчетном периоде (из числа находившихся в производстве или зарегистрированных в отчетном периоде), совершенных организованной группой;3
Рязанская область;3_6;Количество предварительно расследованных преступлений в отчетном периоде (из числа находившихся в производстве или зарегистрированных в отчетном периоде), совершенных преступным сообществом (преступной организацией);0
Смоленская область;3_6;Количество предварительно расследованных преступлений в отчетном периоде (из числа находившихся в производстве или зарегистрированных в отчетном периоде), совершенных группой лиц;110
Смоленская область;3_6;Количество предварительно расследованных преступлений в отчетном периоде (из числа находившихся в производстве или зарегистрированных в отчетном периоде), совершенных группой лиц по предварительному сговору;462
Смоленская область;3_6;Количество предварительно расследованных преступлений в отчетном периоде (из числа находившихся в производстве или зарегистрированных в отчетном периоде), совершенных организованной группой;127
Смоленская область;3_6;Количество предварительно расследованных преступлений в отчетном периоде (из числа находившихся в производстве или зарегистрированных в отчетном периоде), совершенных преступным сообществом (преступной организацией);0
Тамбовская область;3_6;Количество предварительно расследованных преступлений в отчетном периоде (из числа находившихся в производстве или зарегистрированных в отчетном периоде), совершенных группой лиц;45
Тамбовская область;3_6;Количество предварительно расследованных преступлений в отчетном периоде (из числа находившихся в производстве или зарегистрированных в отчетном периоде), совершенных группой лиц по предварительному сговору;274
Тамбовская область;3_6;Количество предварительно расследованных преступлений в отчетном периоде (из числа находившихся в производстве или зарегистрированных в отчетном периоде), совершенных организованной группой;85
Тамбовская область;3_6;Количество предварительно расследованных преступлений в отчетном периоде (из числа находившихся в производстве или зарегистрированных в отчетном периоде), совершенных преступным сообществом (преступной организацией);0
Тверская область;3_6;Количество предварительно расследованных преступлений в отчетном периоде (из числа находившихся в производстве или зарегистрированных в отчетном периоде), совершенных группой лиц;354
Тверская область;3_6;Количество предварительно расследованных преступлений в отчетном периоде (из числа находившихся в производстве или зарегистрированных в отчетном периоде), совершенных группой лиц по предварительному сговору;573
Тверская область;3_6;Количество предварительно расследованных преступлений в отчетном периоде (из числа находившихся в производстве или зарегистрированных в отчетном периоде), совершенных организованной группой;83
Тверская область;3_6;Количество предварительно расследованных преступлений в отчетном периоде (из числа находившихся в производстве или зарегистрированных в отчетном периоде), совершенных преступным сообществом (преступной организацией);0
Тульская область;3_6;Количество предварительно расследованных преступлений в отчетном периоде (из числа находившихся в производстве или зарегистрированных в отчетном периоде), совершенных группой лиц;35
Тульская область;3_6;Количество предварительно расследованных преступлений в отчетном периоде (из числа находившихся в производстве или зарегистрированных в отчетном периоде), совершенных группой лиц по предварительному сговору;349
Тульская область;3_6;Количество предварительно расследованных преступлений в отчетном периоде (из числа находившихся в производстве или зарегистрированных в отчетном периоде), совершенных организованной группой;130
Тульская область;3_6;Количество предварительно расследованных преступлений в отчетном периоде (из числа находившихся в производстве или зарегистрированных в отчетном периоде), совершенных преступным сообществом (преступной организацией);8
Ярославская область;3_6;Количество предварительно расследованных преступлений в отчетном периоде (из числа находившихся в производстве или зарегистрированных в отчетном периоде), совершенных группой лиц;43
Ярославская область;3_6;Количество предварительно расследованных преступлений в отчетном периоде (из числа находившихся в производстве или зарегистрированных в отчетном периоде), совершенных группой лиц по предварительному сговору;494
Ярославская область;3_6;Количество предварительно расследованных преступлений в отчетном периоде (из числа находившихся в производстве или зарегистрированных в отчетном периоде), совершенных организованной группой;109
Ярославская область;3_6;Количество предварительно расследованных преступлений в отчетном периоде (из числа находившихся в производстве или зарегистрированных в отчетном периоде), совершенных преступным сообществом (преступной организацией);1
Северо-Западный фед.округ;3_6;Количество предварительно расследованных преступлений в отчетном периоде (из числа находившихся в производстве или зарегистрированных в отчетном периоде), совершенных группой лиц;928
Северо-Западный фед.округ;3_6;Количество предварительно расследованных преступлений в отчетном периоде (из числа находившихся в производстве или зарегистрированных в отчетном периоде), совершенных группой лиц по предварительному сговору;3986
Северо-Западный фед.округ;3_6;Количество предварительно расследованных преступлений в отчетном периоде (из числа находившихся в производстве или зарегистрированных в отчетном периоде), совершенных организованной группой;667
Северо-Западный фед.округ;3_6;Количество предварительно расследованных преступлений в отчетном периоде (из числа находившихся в производстве или зарегистрированных в отчетном периоде), совершенных преступным сообществом (преступной организацией);72
Республика Карелия;3_6;Количество предварительно расследованных преступлений в отчетном периоде (из числа находившихся в производстве или зарегистрированных в отчетном периоде), совершенных группой лиц;29
Республика Карелия;3_6;Количество предварительно расследованных преступлений в отчетном периоде (из числа находившихся в производстве или зарегистрированных в отчетном периоде), совершенных группой лиц по предварительному сговору;211
Республика Карелия;3_6;Количество предварительно расследованных преступлений в отчетном периоде (из числа находившихся в производстве или зарегистрированных в отчетном периоде), совершенных организованной группой;52
Республика Карелия;3_6;Количество предварительно расследованных преступлений в отчетном периоде (из числа находившихся в производстве или зарегистрированных в отчетном периоде), совершенных преступным сообществом (преступной организацией);0
Республика Коми;3_6;Количество предварительно расследованных преступлений в отчетном периоде (из числа находившихся в производстве или зарегистрированных в отчетном периоде), совершенных группой лиц;65
Республика Коми;3_6;Количество предварительно расследованных преступлений в отчетном периоде (из числа находившихся в производстве или зарегистрированных в отчетном периоде), совершенных группой лиц по предварительному сговору;325
Республика Коми;3_6;Количество предварительно расследованных преступлений в отчетном периоде (из числа находившихся в производстве или зарегистрированных в отчетном периоде), совершенных организованной группой;50
Республика Коми;3_6;Количество предварительно расследованных преступлений в отчетном периоде (из числа находившихся в производстве или зарегистрированных в отчетном периоде), совершенных преступным сообществом (преступной организацией);0
Архангельская обл. (с АО );3_6;Количество предварительно расследованных преступлений в отчетном периоде (из числа находившихся в производстве или зарегистрированных в отчетном периоде), совершенных группой лиц;127
Архангельская обл. (с АО );3_6;Количество предварительно расследованных преступлений в отчетном периоде (из числа находившихся в производстве или зарегистрированных в отчетном периоде), совершенных группой лиц по предварительному сговору;596
Архангельская обл. (с АО );3_6;Количество предварительно расследованных преступлений в отчетном периоде (из числа находившихся в производстве или зарегистрированных в отчетном периоде), совершенных организованной группой;35
Архангельская обл. (с АО );3_6;Количество предварительно расследованных преступлений в отчетном периоде (из числа находившихся в производстве или зарегистрированных в отчетном периоде), совершенных преступным сообществом (преступной организацией);0
  Архангельская обл. (без а/о);3_6;Количество предварительно расследованных преступлений в отчетном периоде (из числа находившихся в производстве или зарегистрированных в отчетном периоде), совершенных группой лиц;123
  Архангельская обл. (без а/о);3_6;Количество предварительно расследованных преступлений в отчетном периоде (из числа находившихся в производстве или зарегистрированных в отчетном периоде), совершенных группой лиц по предварительному сговору;569
  Архангельская обл. (без а/о);3_6;Количество предварительно расследованных преступлений в отчетном периоде (из числа находившихся в производстве или зарегистрированных в отчетном периоде), совершенных организованной группой;35
  Архангельская обл. (без а/о);3_6;Количество предварительно расследованных преступлений в отчетном периоде (из числа находившихся в производстве или зарегистрированных в отчетном периоде), совершенных преступным сообществом (преступной организацией);0
  Ненецкий АО;3_6;Количество предварительно расследованных преступлений в отчетном периоде (из числа находившихся в производстве или зарегистрированных в отчетном периоде), совершенных группой лиц;4
  Ненецкий АО;3_6;Количество предварительно расследованных преступлений в отчетном периоде (из числа находившихся в производстве или зарегистрированных в отчетном периоде), совершенных группой лиц по предварительному сговору;27
  Ненецкий АО;3_6;Количество предварительно расследованных преступлений в отчетном периоде (из числа находившихся в производстве или зарегистрированных в отчетном периоде), совершенных организованной группой;0
  Ненецкий АО;3_6;Количество предварительно расследованных преступлений в отчетном периоде (из числа находившихся в производстве или зарегистрированных в отчетном периоде), совершенных преступным сообществом (преступной организацией);0
Вологодская область;3_6;Количество предварительно расследованных преступлений в отчетном периоде (из числа находившихся в производстве или зарегистрированных в отчетном периоде), совершенных группой лиц;471
Вологодская область;3_6;Количество предварительно расследованных преступлений в отчетном периоде (из числа находившихся в производстве или зарегистрированных в отчетном периоде), совершенных группой лиц по предварительному сговору;631
Вологодская область;3_6;Количество предварительно расследованных преступлений в отчетном периоде (из числа находившихся в производстве или зарегистрированных в отчетном периоде), совершенных организованной группой;192
Вологодская область;3_6;Количество предварительно расследованных преступлений в отчетном периоде (из числа находившихся в производстве или зарегистрированных в отчетном периоде), совершенных преступным сообществом (преступной организацией);0
Калининградская область;3_6;Количество предварительно расследованных преступлений в отчетном периоде (из числа находившихся в производстве или зарегистрированных в отчетном периоде), совершенных группой лиц;8
Калининградская область;3_6;Количество предварительно расследованных преступлений в отчетном периоде (из числа находившихся в производстве или зарегистрированных в отчетном периоде), совершенных группой лиц по предварительному сговору;268
Калининградская область;3_6;Количество предварительно расследованных преступлений в отчетном периоде (из числа находившихся в производстве или зарегистрированных в отчетном периоде), совершенных организованной группой;46
Калининградская область;3_6;Количество предварительно расследованных преступлений в отчетном периоде (из числа находившихся в производстве или зарегистрированных в отчетном периоде), совершенных преступным сообществом (преступной организацией);0
ГУВД г.Санкт-Петерб. и Лен.обл;3_6;Количество предварительно расследованных преступлений в отчетном периоде (из числа находившихся в производстве или зарегистрированных в отчетном периоде), совершенных группой лиц;135
ГУВД г.Санкт-Петерб. и Лен.обл;3_6;Количество предварительно расследованных преступлений в отчетном периоде (из числа находившихся в производстве или зарегистрированных в отчетном периоде), совершенных группой лиц по предварительному сговору;1133
ГУВД г.Санкт-Петерб. и Лен.обл;3_6;Количество предварительно расследованных преступлений в отчетном периоде (из числа находившихся в производстве или зарегистрированных в отчетном периоде), совершенных организованной группой;183
ГУВД г.Санкт-Петерб. и Лен.обл;3_6;Количество предварительно расследованных преступлений в отчетном периоде (из числа находившихся в производстве или зарегистрированных в отчетном периоде), совершенных преступным сообществом (преступной организацией);54
  Ленинградская область;3_6;Количество предварительно расследованных преступлений в отчетном периоде (из числа находившихся в производстве или зарегистрированных в отчетном периоде), совершенных группой лиц;29
  Ленинградская область;3_6;Количество предварительно расследованных преступлений в отчетном периоде (из числа находившихся в производстве или зарегистрированных в отчетном периоде), совершенных группой лиц по предварительному сговору;538
  Ленинградская область;3_6;Количество предварительно расследованных преступлений в отчетном периоде (из числа находившихся в производстве или зарегистрированных в отчетном периоде), совершенных организованной группой;32
  Ленинградская область;3_6;Количество предварительно расследованных преступлений в отчетном периоде (из числа находившихся в производстве или зарегистрированных в отчетном периоде), совершенных преступным сообществом (преступной организацией);19
  г. Санкт-Петербург;3_6;Количество предварительно расследованных преступлений в отчетном периоде (из числа находившихся в производстве или зарегистрированных в отчетном периоде), совершенных группой лиц;106
  г. Санкт-Петербург;3_6;Количество предварительно расследованных преступлений в отчетном периоде (из числа находившихся в производстве или зарегистрированных в отчетном периоде), совершенных группой лиц по предварительному сговору;595
  г. Санкт-Петербург;3_6;Количество предварительно расследованных преступлений в отчетном периоде (из числа находившихся в производстве или зарегистрированных в отчетном периоде), совершенных организованной группой;151
  г. Санкт-Петербург;3_6;Количество предварительно расследованных преступлений в отчетном периоде (из числа находившихся в производстве или зарегистрированных в отчетном периоде), совершенных преступным сообществом (преступной организацией);35
Мурманская область;3_6;Количество предварительно расследованных преступлений в отчетном периоде (из числа находившихся в производстве или зарегистрированных в отчетном периоде), совершенных группой лиц;23
Мурманская область;3_6;Количество предварительно расследованных преступлений в отчетном периоде (из числа находившихся в производстве или зарегистрированных в отчетном периоде), совершенных группой лиц по предварительному сговору;214
Мурманская область;3_6;Количество предварительно расследованных преступлений в отчетном периоде (из числа находившихся в производстве или зарегистрированных в отчетном периоде), совершенных организованной группой;38
Мурманская область;3_6;Количество предварительно расследованных преступлений в отчетном периоде (из числа находившихся в производстве или зарегистрированных в отчетном периоде), совершенных преступным сообществом (преступной организацией);0
Новгородская  область;3_6;Количество предварительно расследованных преступлений в отчетном периоде (из числа находившихся в производстве или зарегистрированных в отчетном периоде), совершенных группой лиц;52
Новгородская  область;3_6;Количество предварительно расследованных преступлений в отчетном периоде (из числа находившихся в производстве или зарегистрированных в отчетном периоде), совершенных группой лиц по предварительному сговору;339
Новгородская  область;3_6;Количество предварительно расследованных преступлений в отчетном периоде (из числа находившихся в производстве или зарегистрированных в отчетном периоде), совершенных организованной группой;49
Новгородская  область;3_6;Количество предварительно расследованных преступлений в отчетном периоде (из числа находившихся в производстве или зарегистрированных в отчетном периоде), совершенных преступным сообществом (преступной организацией);18
Псковская область;3_6;Количество предварительно расследованных преступлений в отчетном периоде (из числа находившихся в производстве или зарегистрированных в отчетном периоде), совершенных группой лиц;18
Псковская область;3_6;Количество предварительно расследованных преступлений в отчетном периоде (из числа находившихся в производстве или зарегистрированных в отчетном периоде), совершенных группой лиц по предварительному сговору;269
Псковская область;3_6;Количество предварительно расследованных преступлений в отчетном периоде (из числа находившихся в производстве или зарегистрированных в отчетном периоде), совершенных организованной группой;22
Псковская область;3_6;Количество предварительно расследованных преступлений в отчетном периоде (из числа находившихся в производстве или зарегистрированных в отчетном периоде), совершенных преступным сообществом (преступной организацией);0
Северо-Кавказский фед. округ;3_6;Количество предварительно расследованных преступлений в отчетном периоде (из числа находившихся в производстве или зарегистрированных в отчетном периоде), совершенных группой лиц;269
Северо-Кавказский фед. округ;3_6;Количество предварительно расследованных преступлений в отчетном периоде (из числа находившихся в производстве или зарегистрированных в отчетном периоде), совершенных группой лиц по предварительному сговору;1885
Северо-Кавказский фед. округ;3_6;Количество предварительно расследованных преступлений в отчетном периоде (из числа находившихся в производстве или зарегистрированных в отчетном периоде), совершенных организованной группой;618
Северо-Кавказский фед. округ;3_6;Количество предварительно расследованных преступлений в отчетном периоде (из числа находившихся в производстве или зарегистрированных в отчетном периоде), совершенных преступным сообществом (преступной организацией);10
Ставропольский край;3_6;Количество предварительно расследованных преступлений в отчетном периоде (из числа находившихся в производстве или зарегистрированных в отчетном периоде), совершенных группой лиц;170
Ставропольский край;3_6;Количество предварительно расследованных преступлений в отчетном периоде (из числа находившихся в производстве или зарегистрированных в отчетном периоде), совершенных группой лиц по предварительному сговору;918
Ставропольский край;3_6;Количество предварительно расследованных преступлений в отчетном периоде (из числа находившихся в производстве или зарегистрированных в отчетном периоде), совершенных организованной группой;149
Ставропольский край;3_6;Количество предварительно расследованных преступлений в отчетном периоде (из числа находившихся в производстве или зарегистрированных в отчетном периоде), совершенных преступным сообществом (преступной организацией);5
Республика Ингушетия;3_6;Количество предварительно расследованных преступлений в отчетном периоде (из числа находившихся в производстве или зарегистрированных в отчетном периоде), совершенных группой лиц;3
Республика Ингушетия;3_6;Количество предварительно расследованных преступлений в отчетном периоде (из числа находившихся в производстве или зарегистрированных в отчетном периоде), совершенных группой лиц по предварительному сговору;26
Республика Ингушетия;3_6;Количество предварительно расследованных преступлений в отчетном периоде (из числа находившихся в производстве или зарегистрированных в отчетном периоде), совершенных организованной группой;53
Республика Ингушетия;3_6;Количество предварительно расследованных преступлений в отчетном периоде (из числа находившихся в производстве или зарегистрированных в отчетном периоде), совершенных преступным сообществом (преступной организацией);0
Республика Дагестан;3_6;Количество предварительно расследованных преступлений в отчетном периоде (из числа находившихся в производстве или зарегистрированных в отчетном периоде), совершенных группой лиц;29
Республика Дагестан;3_6;Количество предварительно расследованных преступлений в отчетном периоде (из числа находившихся в производстве или зарегистрированных в отчетном периоде), совершенных группой лиц по предварительному сговору;460
Республика Дагестан;3_6;Количество предварительно расследованных преступлений в отчетном периоде (из числа находившихся в производстве или зарегистрированных в отчетном периоде), совершенных организованной группой;243
Республика Дагестан;3_6;Количество предварительно расследованных преступлений в отчетном периоде (из числа находившихся в производстве или зарегистрированных в отчетном периоде), совершенных преступным сообществом (преступной организацией);2
Кабардино-Балкарская Респ.;3_6;Количество предварительно расследованных преступлений в отчетном периоде (из числа находившихся в производстве или зарегистрированных в отчетном периоде), совершенных группой лиц;23
Кабардино-Балкарская Респ.;3_6;Количество предварительно расследованных преступлений в отчетном периоде (из числа находившихся в производстве или зарегистрированных в отчетном периоде), совершенных группой лиц по предварительному сговору;178
Кабардино-Балкарская Респ.;3_6;Количество предварительно расследованных преступлений в отчетном периоде (из числа находившихся в производстве или зарегистрированных в отчетном периоде), совершенных организованной группой;81
Кабардино-Балкарская Респ.;3_6;Количество предварительно расследованных преступлений в отчетном периоде (из числа находившихся в производстве или зарегистрированных в отчетном периоде), совершенных преступным сообществом (преступной организацией);0
Респ. Сев.Осетия - Алания;3_6;Количество предварительно расследованных преступлений в отчетном периоде (из числа находившихся в производстве или зарегистрированных в отчетном периоде), совершенных группой лиц;34
Респ. Сев.Осетия - Алания;3_6;Количество предварительно расследованных преступлений в отчетном периоде (из числа находившихся в производстве или зарегистрированных в отчетном периоде), совершенных группой лиц по предварительному сговору;157
Респ. Сев.Осетия - Алания;3_6;Количество предварительно расследованных преступлений в отчетном периоде (из числа находившихся в производстве или зарегистрированных в отчетном периоде), совершенных организованной группой;10
Респ. Сев.Осетия - Алания;3_6;Количество предварительно расследованных преступлений в отчетном периоде (из числа находившихся в производстве или зарегистрированных в отчетном периоде), совершенных преступным сообществом (преступной организацией);3
Карачаево-Черкесская Респ.;3_6;Количество предварительно расследованных преступлений в отчетном периоде (из числа находившихся в производстве или зарегистрированных в отчетном периоде), совершенных группой лиц;6
Карачаево-Черкесская Респ.;3_6;Количество предварительно расследованных преступлений в отчетном периоде (из числа находившихся в производстве или зарегистрированных в отчетном периоде), совершенных группой лиц по предварительному сговору;68
Карачаево-Черкесская Респ.;3_6;Количество предварительно расследованных преступлений в отчетном периоде (из числа находившихся в производстве или зарегистрированных в отчетном периоде), совершенных организованной группой;9
Карачаево-Черкесская Респ.;3_6;Количество предварительно расследованных преступлений в отчетном периоде (из числа находившихся в производстве или зарегистрированных в отчетном периоде), совершенных преступным сообществом (преступной организацией);0
Чеченская Республика;3_6;Количество предварительно расследованных преступлений в отчетном периоде (из числа находившихся в производстве или зарегистрированных в отчетном периоде), совершенных группой лиц;4
Чеченская Республика;3_6;Количество предварительно расследованных преступлений в отчетном периоде (из числа находившихся в производстве или зарегистрированных в отчетном периоде), совершенных группой лиц по предварительному сговору;78
Чеченская Республика;3_6;Количество предварительно расследованных преступлений в отчетном периоде (из числа находившихся в производстве или зарегистрированных в отчетном периоде), совершенных организованной группой;73
Чеченская Республика;3_6;Количество предварительно расследованных преступлений в отчетном периоде (из числа находившихся в производстве или зарегистрированных в отчетном периоде), совершенных преступным сообществом (преступной организацией);0
Южный фед. округ;3_6;Количество предварительно расследованных преступлений в отчетном периоде (из числа находившихся в производстве или зарегистрированных в отчетном периоде), совершенных группой лиц;304
Южный фед. округ;3_6;Количество предварительно расследованных преступлений в отчетном периоде (из числа находившихся в производстве или зарегистрированных в отчетном периоде), совершенных группой лиц по предварительному сговору;4075
Южный фед. округ;3_6;Количество предварительно расследованных преступлений в отчетном периоде (из числа находившихся в производстве или зарегистрированных в отчетном периоде), совершенных организованной группой;438
Южный фед. округ;3_6;Количество предварительно расследованных преступлений в отчетном периоде (из числа находившихся в производстве или зарегистрированных в отчетном периоде), совершенных преступным сообществом (преступной организацией);16
Краснодарский край;3_6;Количество предварительно расследованных преступлений в отчетном периоде (из числа находившихся в производстве или зарегистрированных в отчетном периоде), совершенных группой лиц;80
Краснодарский край;3_6;Количество предварительно расследованных преступлений в отчетном периоде (из числа находившихся в производстве или зарегистрированных в отчетном периоде), совершенных группой лиц по предварительному сговору;1409
Краснодарский край;3_6;Количество предварительно расследованных преступлений в отчетном периоде (из числа находившихся в производстве или зарегистрированных в отчетном периоде), совершенных организованной группой;180
Краснодарский край;3_6;Количество предварительно расследованных преступлений в отчетном периоде (из числа находившихся в производстве или зарегистрированных в отчетном периоде), совершенных преступным сообществом (преступной организацией);1
Астраханская область;3_6;Количество предварительно расследованных преступлений в отчетном периоде (из числа находившихся в производстве или зарегистрированных в отчетном периоде), совершенных группой лиц;25
Астраханская область;3_6;Количество предварительно расследованных преступлений в отчетном периоде (из числа находившихся в производстве или зарегистрированных в отчетном периоде), совершенных группой лиц по предварительному сговору;395
Астраханская область;3_6;Количество предварительно расследованных преступлений в отчетном периоде (из числа находившихся в производстве или зарегистрированных в отчетном периоде), совершенных организованной группой;12
Астраханская область;3_6;Количество предварительно расследованных преступлений в отчетном периоде (из числа находившихся в производстве или зарегистрированных в отчетном периоде), совершенных преступным сообществом (преступной организацией);0
Волгоградская область;3_6;Количество предварительно расследованных преступлений в отчетном периоде (из числа находившихся в производстве или зарегистрированных в отчетном периоде), совершенных группой лиц;59
Волгоградская область;3_6;Количество предварительно расследованных преступлений в отчетном периоде (из числа находившихся в производстве или зарегистрированных в отчетном периоде), совершенных группой лиц по предварительному сговору;1002
Волгоградская область;3_6;Количество предварительно расследованных преступлений в отчетном периоде (из числа находившихся в производстве или зарегистрированных в отчетном периоде), совершенных организованной группой;100
Волгоградская область;3_6;Количество предварительно расследованных преступлений в отчетном периоде (из числа находившихся в производстве или зарегистрированных в отчетном периоде), совершенных преступным сообществом (преступной организацией);0
Ростовская область;3_6;Количество предварительно расследованных преступлений в отчетном периоде (из числа находившихся в производстве или зарегистрированных в отчетном периоде), совершенных группой лиц;117
Ростовская область;3_6;Количество предварительно расследованных преступлений в отчетном периоде (из числа находившихся в производстве или зарегистрированных в отчетном периоде), совершенных группой лиц по предварительному сговору;1106
Ростовская область;3_6;Количество предварительно расследованных преступлений в отчетном периоде (из числа находившихся в производстве или зарегистрированных в отчетном периоде), совершенных организованной группой;136
Ростовская область;3_6;Количество предварительно расследованных преступлений в отчетном периоде (из числа находившихся в производстве или зарегистрированных в отчетном периоде), совершенных преступным сообществом (преступной организацией);13
Республика Адыгея;3_6;Количество предварительно расследованных преступлений в отчетном периоде (из числа находившихся в производстве или зарегистрированных в отчетном периоде), совершенных группой лиц;5
Республика Адыгея;3_6;Количество предварительно расследованных преступлений в отчетном периоде (из числа находившихся в производстве или зарегистрированных в отчетном периоде), совершенных группой лиц по предварительному сговору;119
Республика Адыгея;3_6;Количество предварительно расследованных преступлений в отчетном периоде (из числа находившихся в производстве или зарегистрированных в отчетном периоде), совершенных организованной группой;6
Республика Адыгея;3_6;Количество предварительно расследованных преступлений в отчетном периоде (из числа находившихся в производстве или зарегистрированных в отчетном периоде), совершенных преступным сообществом (преступной организацией);2
Республика Калмыкия;3_6;Количество предварительно расследованных преступлений в отчетном периоде (из числа находившихся в производстве или зарегистрированных в отчетном периоде), совершенных группой лиц;18
Республика Калмыкия;3_6;Количество предварительно расследованных преступлений в отчетном периоде (из числа находившихся в производстве или зарегистрированных в отчетном периоде), совершенных группой лиц по предварительному сговору;44
Республика Калмыкия;3_6;Количество предварительно расследованных преступлений в отчетном периоде (из числа находившихся в производстве или зарегистрированных в отчетном периоде), совершенных организованной группой;4
Республика Калмыкия;3_6;Количество предварительно расследованных преступлений в отчетном периоде (из числа находившихся в производстве или зарегистрированных в отчетном периоде), совершенных преступным сообществом (преступной организацией);0
Приволжский фед.округ;3_6;Количество предварительно расследованных преступлений в отчетном периоде (из числа находившихся в производстве или зарегистрированных в отчетном периоде), совершенных группой лиц;1413
Приволжский фед.округ;3_6;Количество предварительно расследованных преступлений в отчетном периоде (из числа находившихся в производстве или зарегистрированных в отчетном периоде), совершенных группой лиц по предварительному сговору;8876
Приволжский фед.округ;3_6;Количество предварительно расследованных преступлений в отчетном периоде (из числа находившихся в производстве или зарегистрированных в отчетном периоде), совершенных организованной группой;1715
Приволжский фед.округ;3_6;Количество предварительно расследованных преступлений в отчетном периоде (из числа находившихся в производстве или зарегистрированных в отчетном периоде), совершенных преступным сообществом (преступной организацией);225
Республика Башкортостан;3_6;Количество предварительно расследованных преступлений в отчетном периоде (из числа находившихся в производстве или зарегистрированных в отчетном периоде), совершенных группой лиц;120
Республика Башкортостан;3_6;Количество предварительно расследованных преступлений в отчетном периоде (из числа находившихся в производстве или зарегистрированных в отчетном периоде), совершенных группой лиц по предварительному сговору;876
Республика Башкортостан;3_6;Количество предварительно расследованных преступлений в отчетном периоде (из числа находившихся в производстве или зарегистрированных в отчетном периоде), совершенных организованной группой;61
Республика Башкортостан;3_6;Количество предварительно расследованных преступлений в отчетном периоде (из числа находившихся в производстве или зарегистрированных в отчетном периоде), совершенных преступным сообществом (преступной организацией);55
Республика Марий Эл;3_6;Количество предварительно расследованных преступлений в отчетном периоде (из числа находившихся в производстве или зарегистрированных в отчетном периоде), совершенных группой лиц;28
Республика Марий Эл;3_6;Количество предварительно расследованных преступлений в отчетном периоде (из числа находившихся в производстве или зарегистрированных в отчетном периоде), совершенных группой лиц по предварительному сговору;113
Республика Марий Эл;3_6;Количество предварительно расследованных преступлений в отчетном периоде (из числа находившихся в производстве или зарегистрированных в отчетном периоде), совершенных организованной группой;1
Республика Марий Эл;3_6;Количество предварительно расследованных преступлений в отчетном периоде (из числа находившихся в производстве или зарегистрированных в отчетном периоде), совершенных преступным сообществом (преступной организацией);0
Республика Мордовия;3_6;Количество предварительно расследованных преступлений в отчетном периоде (из числа находившихся в производстве или зарегистрированных в отчетном периоде), совершенных группой лиц;104
Республика Мордовия;3_6;Количество предварительно расследованных преступлений в отчетном периоде (из числа находившихся в производстве или зарегистрированных в отчетном периоде), совершенных группой лиц по предварительному сговору;228
Республика Мордовия;3_6;Количество предварительно расследованных преступлений в отчетном периоде (из числа находившихся в производстве или зарегистрированных в отчетном периоде), совершенных организованной группой;20
Республика Мордовия;3_6;Количество предварительно расследованных преступлений в отчетном периоде (из числа находившихся в производстве или зарегистрированных в отчетном периоде), совершенных преступным сообществом (преступной организацией);22
Республика Татарстан;3_6;Количество предварительно расследованных преступлений в отчетном периоде (из числа находившихся в производстве или зарегистрированных в отчетном периоде), совершенных группой лиц;103
Республика Татарстан;3_6;Количество предварительно расследованных преступлений в отчетном периоде (из числа находившихся в производстве или зарегистрированных в отчетном периоде), совершенных группой лиц по предварительному сговору;815
Республика Татарстан;3_6;Количество предварительно расследованных преступлений в отчетном периоде (из числа находившихся в производстве или зарегистрированных в отчетном периоде), совершенных организованной группой;110
Республика Татарстан;3_6;Количество предварительно расследованных преступлений в отчетном периоде (из числа находившихся в производстве или зарегистрированных в отчетном периоде), совершенных преступным сообществом (преступной организацией);22
Удмуртская Республика;3_6;Количество предварительно расследованных преступлений в отчетном периоде (из числа находившихся в производстве или зарегистрированных в отчетном периоде), совершенных группой лиц;4
Удмуртская Республика;3_6;Количество предварительно расследованных преступлений в отчетном периоде (из числа находившихся в производстве или зарегистрированных в отчетном периоде), совершенных группой лиц по предварительному сговору;512
Удмуртская Республика;3_6;Количество предварительно расследованных преступлений в отчетном периоде (из числа находившихся в производстве или зарегистрированных в отчетном периоде), совершенных организованной группой;71
Удмуртская Республика;3_6;Количество предварительно расследованных преступлений в отчетном периоде (из числа находившихся в производстве или зарегистрированных в отчетном периоде), совершенных преступным сообществом (преступной организацией);0
Чувашская Республика;3_6;Количество предварительно расследованных преступлений в отчетном периоде (из числа находившихся в производстве или зарегистрированных в отчетном периоде), совершенных группой лиц;65
Чувашская Республика;3_6;Количество предварительно расследованных преступлений в отчетном периоде (из числа находившихся в производстве или зарегистрированных в отчетном периоде), совершенных группой лиц по предварительному сговору;553
Чувашская Республика;3_6;Количество предварительно расследованных преступлений в отчетном периоде (из числа находившихся в производстве или зарегистрированных в отчетном периоде), совершенных организованной группой;40
Чувашская Республика;3_6;Количество предварительно расследованных преступлений в отчетном периоде (из числа находившихся в производстве или зарегистрированных в отчетном периоде), совершенных преступным сообществом (преступной организацией);0
Кировская область;3_6;Количество предварительно расследованных преступлений в отчетном периоде (из числа находившихся в производстве или зарегистрированных в отчетном периоде), совершенных группой лиц;65
Кировская область;3_6;Количество предварительно расследованных преступлений в отчетном периоде (из числа находившихся в производстве или зарегистрированных в отчетном периоде), совершенных группой лиц по предварительному сговору;521
Кировская область;3_6;Количество предварительно расследованных преступлений в отчетном периоде (из числа находившихся в производстве или зарегистрированных в отчетном периоде), совершенных организованной группой;178
Кировская область;3_6;Количество предварительно расследованных преступлений в отчетном периоде (из числа находившихся в производстве или зарегистрированных в отчетном периоде), совершенных преступным сообществом (преступной организацией);0
Нижегородская область;3_6;Количество предварительно расследованных преступлений в отчетном периоде (из числа находившихся в производстве или зарегистрированных в отчетном периоде), совершенных группой лиц;484
Нижегородская область;3_6;Количество предварительно расследованных преступлений в отчетном периоде (из числа находившихся в производстве или зарегистрированных в отчетном периоде), совершенных группой лиц по предварительному сговору;1335
Нижегородская область;3_6;Количество предварительно расследованных преступлений в отчетном периоде (из числа находившихся в производстве или зарегистрированных в отчетном периоде), совершенных организованной группой;584
Нижегородская область;3_6;Количество предварительно расследованных преступлений в отчетном периоде (из числа находившихся в производстве или зарегистрированных в отчетном периоде), совершенных преступным сообществом (преступной организацией);0
Оренбургская область;3_6;Количество предварительно расследованных преступлений в отчетном периоде (из числа находившихся в производстве или зарегистрированных в отчетном периоде), совершенных группой лиц;30
Оренбургская область;3_6;Количество предварительно расследованных преступлений в отчетном периоде (из числа находившихся в производстве или зарегистрированных в отчетном периоде), совершенных группой лиц по предварительному сговору;551
Оренбургская область;3_6;Количество предварительно расследованных преступлений в отчетном периоде (из числа находившихся в производстве или зарегистрированных в отчетном периоде), совершенных организованной группой;100
Оренбургская область;3_6;Количество предварительно расследованных преступлений в отчетном периоде (из числа находившихся в производстве или зарегистрированных в отчетном периоде), совершенных преступным сообществом (преступной организацией);0
Пензенская область;3_6;Количество предварительно расследованных преступлений в отчетном периоде (из числа находившихся в производстве или зарегистрированных в отчетном периоде), совершенных группой лиц;35
Пензенская область;3_6;Количество предварительно расследованных преступлений в отчетном периоде (из числа находившихся в производстве или зарегистрированных в отчетном периоде), совершенных группой лиц по предварительному сговору;350
Пензенская область;3_6;Количество предварительно расследованных преступлений в отчетном периоде (из числа находившихся в производстве или зарегистрированных в отчетном периоде), совершенных организованной группой;3
Пензенская область;3_6;Количество предварительно расследованных преступлений в отчетном периоде (из числа находившихся в производстве или зарегистрированных в отчетном периоде), совершенных преступным сообществом (преступной организацией);94
Пермский край;3_6;Количество предварительно расследованных преступлений в отчетном периоде (из числа находившихся в производстве или зарегистрированных в отчетном периоде), совершенных группой лиц;132
Пермский край;3_6;Количество предварительно расследованных преступлений в отчетном периоде (из числа находившихся в производстве или зарегистрированных в отчетном периоде), совершенных группой лиц по предварительному сговору;1316
Пермский край;3_6;Количество предварительно расследованных преступлений в отчетном периоде (из числа находившихся в производстве или зарегистрированных в отчетном периоде), совершенных организованной группой;135
Пермский край;3_6;Количество предварительно расследованных преступлений в отчетном периоде (из числа находившихся в производстве или зарегистрированных в отчетном периоде), совершенных преступным сообществом (преступной организацией);0
Самарская область;3_6;Количество предварительно расследованных преступлений в отчетном периоде (из числа находившихся в производстве или зарегистрированных в отчетном периоде), совершенных группой лиц;126
Самарская область;3_6;Количество предварительно расследованных преступлений в отчетном периоде (из числа находившихся в производстве или зарегистрированных в отчетном периоде), совершенных группой лиц по предварительному сговору;761
Самарская область;3_6;Количество предварительно расследованных преступлений в отчетном периоде (из числа находившихся в производстве или зарегистрированных в отчетном периоде), совершенных организованной группой;147
Самарская область;3_6;Количество предварительно расследованных преступлений в отчетном периоде (из числа находившихся в производстве или зарегистрированных в отчетном периоде), совершенных преступным сообществом (преступной организацией);0
Саратовская область;3_6;Количество предварительно расследованных преступлений в отчетном периоде (из числа находившихся в производстве или зарегистрированных в отчетном периоде), совершенных группой лиц;54
Саратовская область;3_6;Количество предварительно расследованных преступлений в отчетном периоде (из числа находившихся в производстве или зарегистрированных в отчетном периоде), совершенных группой лиц по предварительному сговору;674
Саратовская область;3_6;Количество предварительно расследованных преступлений в отчетном периоде (из числа находившихся в производстве или зарегистрированных в отчетном периоде), совершенных организованной группой;203
Саратовская область;3_6;Количество предварительно расследованных преступлений в отчетном периоде (из числа находившихся в производстве или зарегистрированных в отчетном периоде), совершенных преступным сообществом (преступной организацией);11
Ульяновская область;3_6;Количество предварительно расследованных преступлений в отчетном периоде (из числа находившихся в производстве или зарегистрированных в отчетном периоде), совершенных группой лиц;63
Ульяновская область;3_6;Количество предварительно расследованных преступлений в отчетном периоде (из числа находившихся в производстве или зарегистрированных в отчетном периоде), совершенных группой лиц по предварительному сговору;271
Ульяновская область;3_6;Количество предварительно расследованных преступлений в отчетном периоде (из числа находившихся в производстве или зарегистрированных в отчетном периоде), совершенных организованной группой;62
Ульяновская область;3_6;Количество предварительно расследованных преступлений в отчетном периоде (из числа находившихся в производстве или зарегистрированных в отчетном периоде), совершенных преступным сообществом (преступной организацией);21
Уральский фед.округ;3_6;Количество предварительно расследованных преступлений в отчетном периоде (из числа находившихся в производстве или зарегистрированных в отчетном периоде), совершенных группой лиц;373
Уральский фед.округ;3_6;Количество предварительно расследованных преступлений в отчетном периоде (из числа находившихся в производстве или зарегистрированных в отчетном периоде), совершенных группой лиц по предварительному сговору;4457
Уральский фед.округ;3_6;Количество предварительно расследованных преступлений в отчетном периоде (из числа находившихся в производстве или зарегистрированных в отчетном периоде), совершенных организованной группой;778
Уральский фед.округ;3_6;Количество предварительно расследованных преступлений в отчетном периоде (из числа находившихся в производстве или зарегистрированных в отчетном периоде), совершенных преступным сообществом (преступной организацией);159
Курганская область;3_6;Количество предварительно расследованных преступлений в отчетном периоде (из числа находившихся в производстве или зарегистрированных в отчетном периоде), совершенных группой лиц;21
Курганская область;3_6;Количество предварительно расследованных преступлений в отчетном периоде (из числа находившихся в производстве или зарегистрированных в отчетном периоде), совершенных группой лиц по предварительному сговору;365
Курганская область;3_6;Количество предварительно расследованных преступлений в отчетном периоде (из числа находившихся в производстве или зарегистрированных в отчетном периоде), совершенных организованной группой;47
Курганская область;3_6;Количество предварительно расследованных преступлений в отчетном периоде (из числа находившихся в производстве или зарегистрированных в отчетном периоде), совершенных преступным сообществом (преступной организацией);0
Свердловская область;3_6;Количество предварительно расследованных преступлений в отчетном периоде (из числа находившихся в производстве или зарегистрированных в отчетном периоде), совершенных группой лиц;167
Свердловская область;3_6;Количество предварительно расследованных преступлений в отчетном периоде (из числа находившихся в производстве или зарегистрированных в отчетном периоде), совершенных группой лиц по предварительному сговору;1594
Свердловская область;3_6;Количество предварительно расследованных преступлений в отчетном периоде (из числа находившихся в производстве или зарегистрированных в отчетном периоде), совершенных организованной группой;324
Свердловская область;3_6;Количество предварительно расследованных преступлений в отчетном периоде (из числа находившихся в производстве или зарегистрированных в отчетном периоде), совершенных преступным сообществом (преступной организацией);108
Тюменская область (с а/о);3_6;Количество предварительно расследованных преступлений в отчетном периоде (из числа находившихся в производстве или зарегистрированных в отчетном периоде), совершенных группой лиц;61
Тюменская область (с а/о);3_6;Количество предварительно расследованных преступлений в отчетном периоде (из числа находившихся в производстве или зарегистрированных в отчетном периоде), совершенных группой лиц по предварительному сговору;1183
Тюменская область (с а/о);3_6;Количество предварительно расследованных преступлений в отчетном периоде (из числа находившихся в производстве или зарегистрированных в отчетном периоде), совершенных организованной группой;205
Тюменская область (с а/о);3_6;Количество предварительно расследованных преступлений в отчетном периоде (из числа находившихся в производстве или зарегистрированных в отчетном периоде), совершенных преступным сообществом (преступной организацией);0
  Тюменская обл. (без а/о);3_6;Количество предварительно расследованных преступлений в отчетном периоде (из числа находившихся в производстве или зарегистрированных в отчетном периоде), совершенных группой лиц;17
  Тюменская обл. (без а/о);3_6;Количество предварительно расследованных преступлений в отчетном периоде (из числа находившихся в производстве или зарегистрированных в отчетном периоде), совершенных группой лиц по предварительному сговору;545
  Тюменская обл. (без а/о);3_6;Количество предварительно расследованных преступлений в отчетном периоде (из числа находившихся в производстве или зарегистрированных в отчетном периоде), совершенных организованной группой;148
  Тюменская обл. (без а/о);3_6;Количество предварительно расследованных преступлений в отчетном периоде (из числа находившихся в производстве или зарегистрированных в отчетном периоде), совершенных преступным сообществом (преступной организацией);0
  Ханты-Мансийский АО - Югра;3_6;Количество предварительно расследованных преступлений в отчетном периоде (из числа находившихся в производстве или зарегистрированных в отчетном периоде), совершенных группой лиц;22
  Ханты-Мансийский АО - Югра;3_6;Количество предварительно расследованных преступлений в отчетном периоде (из числа находившихся в производстве или зарегистрированных в отчетном периоде), совершенных группой лиц по предварительному сговору;516
  Ханты-Мансийский АО - Югра;3_6;Количество предварительно расследованных преступлений в отчетном периоде (из числа находившихся в производстве или зарегистрированных в отчетном периоде), совершенных организованной группой;50
  Ханты-Мансийский АО - Югра;3_6;Количество предварительно расследованных преступлений в отчетном периоде (из числа находившихся в производстве или зарегистрированных в отчетном периоде), совершенных преступным сообществом (преступной организацией);0
  Ямало-Ненецкий АО;3_6;Количество предварительно расследованных преступлений в отчетном периоде (из числа находившихся в производстве или зарегистрированных в отчетном периоде), совершенных группой лиц;22
  Ямало-Ненецкий АО;3_6;Количество предварительно расследованных преступлений в отчетном периоде (из числа находившихся в производстве или зарегистрированных в отчетном периоде), совершенных группой лиц по предварительному сговору;122
  Ямало-Ненецкий АО;3_6;Количество предварительно расследованных преступлений в отчетном периоде (из числа находившихся в производстве или зарегистрированных в отчетном периоде), совершенных организованной группой;7
  Ямало-Ненецкий АО;3_6;Количество предварительно расследованных преступлений в отчетном периоде (из числа находившихся в производстве или зарегистрированных в отчетном периоде), совершенных преступным сообществом (преступной организацией);0
Челябинская область;3_6;Количество предварительно расследованных преступлений в отчетном периоде (из числа находившихся в производстве или зарегистрированных в отчетном периоде), совершенных группой лиц;124
Челябинская область;3_6;Количество предварительно расследованных преступлений в отчетном периоде (из числа находившихся в производстве или зарегистрированных в отчетном периоде), совершенных группой лиц по предварительному сговору;1315
Челябинская область;3_6;Количество предварительно расследованных преступлений в отчетном периоде (из числа находившихся в производстве или зарегистрированных в отчетном периоде), совершенных организованной группой;202
Челябинская область;3_6;Количество предварительно расследованных преступлений в отчетном периоде (из числа находившихся в производстве или зарегистрированных в отчетном периоде), совершенных преступным сообществом (преступной организацией);51
Сибирский фед.округ;3_6;Количество предварительно расследованных преступлений в отчетном периоде (из числа находившихся в производстве или зарегистрированных в отчетном периоде), совершенных группой лиц;831
Сибирский фед.округ;3_6;Количество предварительно расследованных преступлений в отчетном периоде (из числа находившихся в производстве или зарегистрированных в отчетном периоде), совершенных группой лиц по предварительному сговору;7617
Сибирский фед.округ;3_6;Количество предварительно расследованных преступлений в отчетном периоде (из числа находившихся в производстве или зарегистрированных в отчетном периоде), совершенных организованной группой;1337
Сибирский фед.округ;3_6;Количество предварительно расследованных преступлений в отчетном периоде (из числа находившихся в производстве или зарегистрированных в отчетном периоде), совершенных преступным сообществом (преступной организацией);158
Республика Алтай;3_6;Количество предварительно расследованных преступлений в отчетном периоде (из числа находившихся в производстве или зарегистрированных в отчетном периоде), совершенных группой лиц;3
Республика Алтай;3_6;Количество предварительно расследованных преступлений в отчетном периоде (из числа находившихся в производстве или зарегистрированных в отчетном периоде), совершенных группой лиц по предварительному сговору;97
Республика Алтай;3_6;Количество предварительно расследованных преступлений в отчетном периоде (из числа находившихся в производстве или зарегистрированных в отчетном периоде), совершенных организованной группой;9
Республика Алтай;3_6;Количество предварительно расследованных преступлений в отчетном периоде (из числа находившихся в производстве или зарегистрированных в отчетном периоде), совершенных преступным сообществом (преступной организацией);0
Республика Бурятия;3_6;Количество предварительно расследованных преступлений в отчетном периоде (из числа находившихся в производстве или зарегистрированных в отчетном периоде), совершенных группой лиц;51
Республика Бурятия;3_6;Количество предварительно расследованных преступлений в отчетном периоде (из числа находившихся в производстве или зарегистрированных в отчетном периоде), совершенных группой лиц по предварительному сговору;404
Республика Бурятия;3_6;Количество предварительно расследованных преступлений в отчетном периоде (из числа находившихся в производстве или зарегистрированных в отчетном периоде), совершенных организованной группой;41
Республика Бурятия;3_6;Количество предварительно расследованных преступлений в отчетном периоде (из числа находившихся в производстве или зарегистрированных в отчетном периоде), совершенных преступным сообществом (преступной организацией);4
Республика Тыва;3_6;Количество предварительно расследованных преступлений в отчетном периоде (из числа находившихся в производстве или зарегистрированных в отчетном периоде), совершенных группой лиц;22
Республика Тыва;3_6;Количество предварительно расследованных преступлений в отчетном периоде (из числа находившихся в производстве или зарегистрированных в отчетном периоде), совершенных группой лиц по предварительному сговору;140
Республика Тыва;3_6;Количество предварительно расследованных преступлений в отчетном периоде (из числа находившихся в производстве или зарегистрированных в отчетном периоде), совершенных организованной группой;2
Республика Тыва;3_6;Количество предварительно расследованных преступлений в отчетном периоде (из числа находившихся в производстве или зарегистрированных в отчетном периоде), совершенных преступным сообществом (преступной организацией);0
Республика Хакасия;3_6;Количество предварительно расследованных преступлений в отчетном периоде (из числа находившихся в производстве или зарегистрированных в отчетном периоде), совершенных группой лиц;24
Республика Хакасия;3_6;Количество предварительно расследованных преступлений в отчетном периоде (из числа находившихся в производстве или зарегистрированных в отчетном периоде), совершенных группой лиц по предварительному сговору;278
Республика Хакасия;3_6;Количество предварительно расследованных преступлений в отчетном периоде (из числа находившихся в производстве или зарегистрированных в отчетном периоде), совершенных организованной группой;60
Республика Хакасия;3_6;Количество предварительно расследованных преступлений в отчетном периоде (из числа находившихся в производстве или зарегистрированных в отчетном периоде), совершенных преступным сообществом (преступной организацией);0
Алтайский край;3_6;Количество предварительно расследованных преступлений в отчетном периоде (из числа находившихся в производстве или зарегистрированных в отчетном периоде), совершенных группой лиц;81
Алтайский край;3_6;Количество предварительно расследованных преступлений в отчетном периоде (из числа находившихся в производстве или зарегистрированных в отчетном периоде), совершенных группой лиц по предварительному сговору;710
Алтайский край;3_6;Количество предварительно расследованных преступлений в отчетном периоде (из числа находившихся в производстве или зарегистрированных в отчетном периоде), совершенных организованной группой;317
Алтайский край;3_6;Количество предварительно расследованных преступлений в отчетном периоде (из числа находившихся в производстве или зарегистрированных в отчетном периоде), совершенных преступным сообществом (преступной организацией);41
Красноярский край;3_6;Количество предварительно расследованных преступлений в отчетном периоде (из числа находившихся в производстве или зарегистрированных в отчетном периоде), совершенных группой лиц;144
Красноярский край;3_6;Количество предварительно расследованных преступлений в отчетном периоде (из числа находившихся в производстве или зарегистрированных в отчетном периоде), совершенных группой лиц по предварительному сговору;1214
Красноярский край;3_6;Количество предварительно расследованных преступлений в отчетном периоде (из числа находившихся в производстве или зарегистрированных в отчетном периоде), совершенных организованной группой;141
Красноярский край;3_6;Количество предварительно расследованных преступлений в отчетном периоде (из числа находившихся в производстве или зарегистрированных в отчетном периоде), совершенных преступным сообществом (преступной организацией);0
Иркутская область;3_6;Количество предварительно расследованных преступлений в отчетном периоде (из числа находившихся в производстве или зарегистрированных в отчетном периоде), совершенных группой лиц;165
Иркутская область;3_6;Количество предварительно расследованных преступлений в отчетном периоде (из числа находившихся в производстве или зарегистрированных в отчетном периоде), совершенных группой лиц по предварительному сговору;852
Иркутская область;3_6;Количество предварительно расследованных преступлений в отчетном периоде (из числа находившихся в производстве или зарегистрированных в отчетном периоде), совершенных организованной группой;149
Иркутская область;3_6;Количество предварительно расследованных преступлений в отчетном периоде (из числа находившихся в производстве или зарегистрированных в отчетном периоде), совершенных преступным сообществом (преступной организацией);1
Кемеровская область;3_6;Количество предварительно расследованных преступлений в отчетном периоде (из числа находившихся в производстве или зарегистрированных в отчетном периоде), совершенных группой лиц;109
Кемеровская область;3_6;Количество предварительно расследованных преступлений в отчетном периоде (из числа находившихся в производстве или зарегистрированных в отчетном периоде), совершенных группой лиц по предварительному сговору;966
Кемеровская область;3_6;Количество предварительно расследованных преступлений в отчетном периоде (из числа находившихся в производстве или зарегистрированных в отчетном периоде), совершенных организованной группой;255
Кемеровская область;3_6;Количество предварительно расследованных преступлений в отчетном периоде (из числа находившихся в производстве или зарегистрированных в отчетном периоде), совершенных преступным сообществом (преступной организацией);26
Новосибирская область;3_6;Количество предварительно расследованных преступлений в отчетном периоде (из числа находившихся в производстве или зарегистрированных в отчетном периоде), совершенных группой лиц;43
Новосибирская область;3_6;Количество предварительно расследованных преступлений в отчетном периоде (из числа находившихся в производстве или зарегистрированных в отчетном периоде), совершенных группой лиц по предварительному сговору;1184
Новосибирская область;3_6;Количество предварительно расследованных преступлений в отчетном периоде (из числа находившихся в производстве или зарегистрированных в отчетном периоде), совершенных организованной группой;222
Новосибирская область;3_6;Количество предварительно расследованных преступлений в отчетном периоде (из числа находившихся в производстве или зарегистрированных в отчетном периоде), совершенных преступным сообществом (преступной организацией);38
Омская область;3_6;Количество предварительно расследованных преступлений в отчетном периоде (из числа находившихся в производстве или зарегистрированных в отчетном периоде), совершенных группой лиц;81
Омская область;3_6;Количество предварительно расследованных преступлений в отчетном периоде (из числа находившихся в производстве или зарегистрированных в отчетном периоде), совершенных группой лиц по предварительному сговору;749
Омская область;3_6;Количество предварительно расследованных преступлений в отчетном периоде (из числа находившихся в производстве или зарегистрированных в отчетном периоде), совершенных организованной группой;64
Омская область;3_6;Количество предварительно расследованных преступлений в отчетном периоде (из числа находившихся в производстве или зарегистрированных в отчетном периоде), совершенных преступным сообществом (преступной организацией);1
Томская область;3_6;Количество предварительно расследованных преступлений в отчетном периоде (из числа находившихся в производстве или зарегистрированных в отчетном периоде), совершенных группой лиц;25
Томская область;3_6;Количество предварительно расследованных преступлений в отчетном периоде (из числа находившихся в производстве или зарегистрированных в отчетном периоде), совершенных группой лиц по предварительному сговору;375
Томская область;3_6;Количество предварительно расследованных преступлений в отчетном периоде (из числа находившихся в производстве или зарегистрированных в отчетном периоде), совершенных организованной группой;22
Томская область;3_6;Количество предварительно расследованных преступлений в отчетном периоде (из числа находившихся в производстве или зарегистрированных в отчетном периоде), совершенных преступным сообществом (преступной организацией);0
Забайкальский край;3_6;Количество предварительно расследованных преступлений в отчетном периоде (из числа находившихся в производстве или зарегистрированных в отчетном периоде), совершенных группой лиц;83
Забайкальский край;3_6;Количество предварительно расследованных преступлений в отчетном периоде (из числа находившихся в производстве или зарегистрированных в отчетном периоде), совершенных группой лиц по предварительному сговору;648
Забайкальский край;3_6;Количество предварительно расследованных преступлений в отчетном периоде (из числа находившихся в производстве или зарегистрированных в отчетном периоде), совершенных организованной группой;55
Забайкальский край;3_6;Количество предварительно расследованных преступлений в отчетном периоде (из числа находившихся в производстве или зарегистрированных в отчетном периоде), совершенных преступным сообществом (преступной организацией);47
Дальневосточный фед. округ;3_6;Количество предварительно расследованных преступлений в отчетном периоде (из числа находившихся в производстве или зарегистрированных в отчетном периоде), совершенных группой лиц;308
Дальневосточный фед. округ;3_6;Количество предварительно расследованных преступлений в отчетном периоде (из числа находившихся в производстве или зарегистрированных в отчетном периоде), совершенных группой лиц по предварительному сговору;2203
Дальневосточный фед. округ;3_6;Количество предварительно расследованных преступлений в отчетном периоде (из числа находившихся в производстве или зарегистрированных в отчетном периоде), совершенных организованной группой;327
Дальневосточный фед. округ;3_6;Количество предварительно расследованных преступлений в отчетном периоде (из числа находившихся в производстве или зарегистрированных в отчетном периоде), совершенных преступным сообществом (преступной организацией);47
Республика Саха (Якутия);3_6;Количество предварительно расследованных преступлений в отчетном периоде (из числа находившихся в производстве или зарегистрированных в отчетном периоде), совершенных группой лиц;49
Республика Саха (Якутия);3_6;Количество предварительно расследованных преступлений в отчетном периоде (из числа находившихся в производстве или зарегистрированных в отчетном периоде), совершенных группой лиц по предварительному сговору;278
Республика Саха (Якутия);3_6;Количество предварительно расследованных преступлений в отчетном периоде (из числа находившихся в производстве или зарегистрированных в отчетном периоде), совершенных организованной группой;55
Республика Саха (Якутия);3_6;Количество предварительно расследованных преступлений в отчетном периоде (из числа находившихся в производстве или зарегистрированных в отчетном периоде), совершенных преступным сообществом (преступной организацией);0
Приморский край;3_6;Количество предварительно расследованных преступлений в отчетном периоде (из числа находившихся в производстве или зарегистрированных в отчетном периоде), совершенных группой лиц;120
Приморский край;3_6;Количество предварительно расследованных преступлений в отчетном периоде (из числа находившихся в производстве или зарегистрированных в отчетном периоде), совершенных группой лиц по предварительному сговору;727
Приморский край;3_6;Количество предварительно расследованных преступлений в отчетном периоде (из числа находившихся в производстве или зарегистрированных в отчетном периоде), совершенных организованной группой;32
Приморский край;3_6;Количество предварительно расследованных преступлений в отчетном периоде (из числа находившихся в производстве или зарегистрированных в отчетном периоде), совершенных преступным сообществом (преступной организацией);0
Хабаровский край;3_6;Количество предварительно расследованных преступлений в отчетном периоде (из числа находившихся в производстве или зарегистрированных в отчетном периоде), совершенных группой лиц;53
Хабаровский край;3_6;Количество предварительно расследованных преступлений в отчетном периоде (из числа находившихся в производстве или зарегистрированных в отчетном периоде), совершенных группой лиц по предварительному сговору;506
Хабаровский край;3_6;Количество предварительно расследованных преступлений в отчетном периоде (из числа находившихся в производстве или зарегистрированных в отчетном периоде), совершенных организованной группой;152
Хабаровский край;3_6;Количество предварительно расследованных преступлений в отчетном периоде (из числа находившихся в производстве или зарегистрированных в отчетном периоде), совершенных преступным сообществом (преступной организацией);34
Камчатский край;3_6;Количество предварительно расследованных преступлений в отчетном периоде (из числа находившихся в производстве или зарегистрированных в отчетном периоде), совершенных группой лиц;21
Камчатский край;3_6;Количество предварительно расследованных преступлений в отчетном периоде (из числа находившихся в производстве или зарегистрированных в отчетном периоде), совершенных группой лиц по предварительному сговору;93
Камчатский край;3_6;Количество предварительно расследованных преступлений в отчетном периоде (из числа находившихся в производстве или зарегистрированных в отчетном периоде), совершенных организованной группой;13
Камчатский край;3_6;Количество предварительно расследованных преступлений в отчетном периоде (из числа находившихся в производстве или зарегистрированных в отчетном периоде), совершенных преступным сообществом (преступной организацией);0
Амурская область;3_6;Количество предварительно расследованных преступлений в отчетном периоде (из числа находившихся в производстве или зарегистрированных в отчетном периоде), совершенных группой лиц;39
Амурская область;3_6;Количество предварительно расследованных преступлений в отчетном периоде (из числа находившихся в производстве или зарегистрированных в отчетном периоде), совершенных группой лиц по предварительному сговору;289
Амурская область;3_6;Количество предварительно расследованных преступлений в отчетном периоде (из числа находившихся в производстве или зарегистрированных в отчетном периоде), совершенных организованной группой;48
Амурская область;3_6;Количество предварительно расследованных преступлений в отчетном периоде (из числа находившихся в производстве или зарегистрированных в отчетном периоде), совершенных преступным сообществом (преступной организацией);0
Магаданская область;3_6;Количество предварительно расследованных преступлений в отчетном периоде (из числа находившихся в производстве или зарегистрированных в отчетном периоде), совершенных группой лиц;12
Магаданская область;3_6;Количество предварительно расследованных преступлений в отчетном периоде (из числа находившихся в производстве или зарегистрированных в отчетном периоде), совершенных группой лиц по предварительному сговору;47
Магаданская область;3_6;Количество предварительно расследованных преступлений в отчетном периоде (из числа находившихся в производстве или зарегистрированных в отчетном периоде), совершенных организованной группой;5
Магаданская область;3_6;Количество предварительно расследованных преступлений в отчетном периоде (из числа находившихся в производстве или зарегистрированных в отчетном периоде), совершенных преступным сообществом (преступной организацией);0
Сахалинская область;3_6;Количество предварительно расследованных преступлений в отчетном периоде (из числа находившихся в производстве или зарегистрированных в отчетном периоде), совершенных группой лиц;0
Сахалинская область;3_6;Количество предварительно расследованных преступлений в отчетном периоде (из числа находившихся в производстве или зарегистрированных в отчетном периоде), совершенных группой лиц по предварительному сговору;204
Сахалинская область;3_6;Количество предварительно расследованных преступлений в отчетном периоде (из числа находившихся в производстве или зарегистрированных в отчетном периоде), совершенных организованной группой;21
Сахалинская область;3_6;Количество предварительно расследованных преступлений в отчетном периоде (из числа находившихся в производстве или зарегистрированных в отчетном периоде), совершенных преступным сообществом (преступной организацией);0
Еврейская АО;3_6;Количество предварительно расследованных преступлений в отчетном периоде (из числа находившихся в производстве или зарегистрированных в отчетном периоде), совершенных группой лиц;13
Еврейская АО;3_6;Количество предварительно расследованных преступлений в отчетном периоде (из числа находившихся в производстве или зарегистрированных в отчетном периоде), совершенных группой лиц по предварительному сговору;50
Еврейская АО;3_6;Количество предварительно расследованных преступлений в отчетном периоде (из числа находившихся в производстве или зарегистрированных в отчетном периоде), совершенных организованной группой;1
Еврейская АО;3_6;Количество предварительно расследованных преступлений в отчетном периоде (из числа находившихся в производстве или зарегистрированных в отчетном периоде), совершенных преступным сообществом (преступной организацией);13
Чукотский АО;3_6;Количество предварительно расследованных преступлений в отчетном периоде (из числа находившихся в производстве или зарегистрированных в отчетном периоде), совершенных группой лиц;1
Чукотский АО;3_6;Количество предварительно расследованных преступлений в отчетном периоде (из числа находившихся в производстве или зарегистрированных в отчетном периоде), совершенных группой лиц по предварительному сговору;9
Чукотский АО;3_6;Количество предварительно расследованных преступлений в отчетном периоде (из числа находившихся в производстве или зарегистрированных в отчетном периоде), совершенных организованной группой;0
Чукотский АО;3_6;Количество предварительно расследованных преступлений в отчетном периоде (из числа находившихся в производстве или зарегистрированных в отчетном периоде), совершенных преступным сообществом (преступной организацией);0
Всего по России;3_6;Количество предварительно расследованных преступлений в отчетном периоде (из числа находившихся в производстве или зарегистрированных в отчетном периоде), совершенных группой лиц;6129
Всего по России;3_6;Количество предварительно расследованных преступлений в отчетном периоде (из числа находившихся в производстве или зарегистрированных в отчетном периоде), совершенных группой лиц по предварительному сговору;45186
Всего по России;3_6;Количество предварительно расследованных преступлений в отчетном периоде (из числа находившихся в производстве или зарегистрированных в отчетном периоде), совершенных организованной группой;9364
Всего по России;3_6;Количество предварительно расследованных преступлений в отчетном периоде (из числа находившихся в производстве или зарегистрированных в отчетном периоде), совершенных преступным сообществом (преступной организацией);1306
